何,"1. what<br>2. you-know-what, that thing<br>3. whatsit, whachamacallit, what's-his-name, what's-her-name<br>4. (not) at all, (not) in the slightest<br>5. what?, huh?<br>6. hey!<br>7. oh, no (it's fine), why (it's nothing), oh (certainly not)",なに,Jamdict
・,"1. middle dot, centred period, full-stop mark at mid-character height, interpoint, symbol used for interword separation, between parallel terms, names in katakana, etc.<br>2. Interpunct",なかぐろ,Jisho
いい,"1. good, excellent, fine, nice, pleasant, agreeable<br>2. sufficient, enough, ready, prepared<br>3. profitable (deal, business offer, etc.), beneficial<br>4. OK, all right, fine, no problem",よい,Jamdict
にゃん,"1. meow, miaow<br>2. cat",にゃん,Jamdict
私,"1. I, me",わたし,Jamdict
あッ,"1. ah, oh<br>2. hey!",あっ,Jamdict
そう,"1. appearing that, seeming that, looking like, having the appearance of",そう,Jamdict
行く,"1. to go, to move (in a direction or towards a specific location), to head (towards), to be transported (towards), to reach<br>2. to proceed, to take place<br>3. to pass through, to come and go<br>4. to walk<br>5. to die, to pass away<br>6. to do (in a specific way)<br>7. to stream, to flow<br>8. to continue<br>9. to have an orgasm, to come, to cum<br>10. to trip, to get high, to have a drug-induced hallucination",いく,Jamdict
先輩,"1. senior (at work or school), superior, elder, older graduate, progenitor, old-timer",せんぱい,Jamdict
どう,"1. how, in what way, how about",どう,Jamdict
ムギ,"1. wheat, barley, oat (oats)",むぎ,Jamdict
なる,"1. to become, to get, to grow, to be, to reach, to attain<br>2. to result in, to prove to be<br>3. to consist of, to be composed of<br>4. to succeed, to be complete<br>5. to change into, to be exchanged for<br>6. to play a role<br>7. to be promoted<br>8. to do ...",なる,Jamdict
くる,"1. to come (spatially or temporally), to approach, to arrive<br>2. to come back, to do ... and come back<br>3. to come to be, to become, to get, to grow, to continue<br>4. to come from, to be caused by, to derive from<br>5. to come to (i.e. ""when it comes to spinach ..."")",くる,Jamdict
言う,"1. to say, to utter, to declare<br>2. to name, to call<br>3. to go (e.g. ""the alarm went ping""), to make a noise",いう,Jamdict
やる,"1. to do, to undertake, to perform, to play (a game), to study<br>2. to send, to dispatch, to despatch<br>3. to put, to move, to turn (one's head, glance, etc.)<br>4. to give (esp. to someone of equal or lower status), to let have, to present, to bestow, to confer<br>5. to make (a vehicle) go faster<br>6. to run (a business), to keep, to be engaged in, to practice (law, medicine, etc.), to practise<br>7. to have (food, drink, etc.), to eat, to drink, to smoke<br>8. to hold (a performance), to perform, to show<br>9. to ease (one's mind)<br>10. to harm, to injure, to kill<br>11. to have sex with<br>12. to live, to get by, to get along<br>13. to do ... completely<br>14. to do ... broadly, to do ... to a great distance<br>15. to do ... for (someone of equal or lower status), to do ... to (sometimes with negative nuance)<br>16. to make active efforts to ...",やる,Jamdict
ある,"1. to be, to exist, to live<br>2. to have<br>3. to be located<br>4. to be equipped with<br>5. to happen, to come about",ある,Jamdict
私達,"1. we, us",わたしたち,Jamdict
いる,"1. to be (of animate objects), to exist<br>2. to stay<br>3. to be ...-ing, to have been ...-ing",いる,Jamdict
ちょっと,"1. one sun (approx. 3.03 cm)<br>2. little bit (of time, distance, etc.)",いっすん,Jamdict
じゃあ,"1. coming out, going out, outflow, efflux, rising (of the Sun or the Moon)<br>2. attending (work), appearing (on stage), one's turn to go on<br>3. start, beginning<br>4. origins, background, person (or item) originating from ..., graduate of ..., native of ..., member of ... (lineage)<br>5. architectural member that projects outward<br>6. highest point of the stern of a ship<br>7. amount (comprising something), amount of time or effort required to do something",で,Jamdict
曲,"1. composition, piece of music, song, track (on a record)<br>2. tune, melody, air<br>3. enjoyment, fun, interest, pleasure",きょく,Jamdict
もう,"1. now, soon, shortly, before long, presently<br>2. already, yet, by now, (not) anymore<br>3. further, more, again, another, the other<br>4. tsk, dammit, jeez, come on, what the hell",もう,Jamdict
思う,"1. to think, to consider, to believe, to reckon<br>2. to think (of doing), to plan (to do)<br>3. to judge, to assess, to regard<br>4. to imagine, to suppose, to dream<br>5. to expect, to look forward to<br>6. to feel, to be (in a state of mind), to desire, to want<br>7. to recall, to remember",おもう,Jamdict
っちゃん,1. suffix for familiar person,ちゃん,Jamdict
卒業,"1. graduation, completion (of a course)<br>2. moving on (from), outgrowing (something), leaving (a group, company, etc.), quitting",そつぎょう,Jamdict
じゃん,"1. ta-dah!, ta-da!, voilà!<br>2. clash, crash, bang",じゃーん,Jamdict
すごい,"1. terrible, dreadful<br>2. amazing (e.g. of strength), great (e.g. of skills), wonderful, terrific<br>3. to a great extent, vast (in numbers)<br>4. awfully, very, immensely",すごい,Jamdict
できる,"1. to be able (in a position) to do, to be up to the task<br>2. to be ready, to be completed<br>3. to be made, to be built<br>4. to be good at, to be permitted (to do)<br>5. to become intimate, to take up (with somebody)<br>6. to grow, to be raised<br>7. to become pregnant",できる,Jamdict
達,1. pluralizing suffix (esp. for people and animals; formerly honorific),たち,Jamdict
ッ,"1. saliva, spit, sputum",つば,Jamdict
部,"1. department (in an organization), division, bureau<br>2. club<br>3. part, component, element<br>4. category<br>5. counter for copies of a newspaper or magazine",ぶ,Jamdict
みんな,"1. everyone, everybody, all<br>2. everything, all",みんな,Jamdict
見る,"1. to see, to look, to watch, to view, to observe<br>2. to examine, to look over, to assess, to check, to judge<br>3. to look after, to attend to, to take care of, to keep an eye on<br>4. to experience, to meet with (misfortune, success, etc.)<br>5. to try ..., to have a go at ..., to give ... a try<br>6. to see (that) ..., to find (that) ...",みる,Jamdict
大丈夫,"1. safe, secure, sound, problem-free, without fear, all right, alright, OK, okay<br>2. certainly, surely, undoubtedly<br>3. no thanks, I'm good, that's alright<br>4. great man, fine figure of a man",だいじょうぶ,Jamdict
食べる,"1. to eat<br>2. to live on (e.g. a salary), to live off, to subsist on",たべる,Jamdict
えッ,"1. huh?, what's up?",えっ,Jamdict
だけ,"1. only, just, merely, simply, no more than, nothing but, alone<br>2. as much as, to the extent of, enough to",だけ,Jamdict
うん,"1. yes, yeah, uh huh<br>2. hum, hmmm, well, erm, huh?<br>3. oof",うん,Jamdict
軽音,"1. light music, popular music<br>2. Light music",けいおんがく,Jisho
いう,"1. to say, to utter, to declare<br>2. to name, to call<br>3. to go (e.g. ""the alarm went ping""), to make a noise",いう,Jamdict
演奏,1. musical performance,えんそう,Jamdict
持つ,"1. to hold (in one's hand), to take, to carry<br>2. to possess, to have, to own<br>3. to maintain, to keep<br>4. to last, to be durable, to keep, to survive<br>5. to take charge of, to be in charge of<br>6. to hold (meeting, etc.), to have (opportunity, etc.)",もつ,Jamdict
みたい,"1. -like, sort of, similar to, resembling",みたい,Jamdict
くれる,"1. to give, to let (one) have<br>2. to give<br>3. to do for one, to take the trouble to do<br>4. to do to someone's disadvantage",くれる,Jamdict
旅行,"1. travel, trip, journey, excursion, tour",りょこう,Jamdict
時間,"1. time<br>2. hour<br>3. period, class, lesson",じかん,Jamdict
そんな,"1. such, that sort of, that kind of, like that<br>2. no way!, never!",そんな,Jamdict
ねえ,"1. older sister, elder sister",あね,Jamdict
もん,1. person,もの,Jamdict
来る,"1. to come (spatially or temporally), to approach, to arrive<br>2. to come back, to do ... and come back<br>3. to come to be, to become, to get, to grow, to continue<br>4. to come from, to be caused by, to derive from<br>5. to come to (i.e. ""when it comes to spinach ..."")",くる,Jamdict
よい,"1. good, excellent, fine, nice, pleasant, agreeable<br>2. sufficient, enough, ready, prepared<br>3. profitable (deal, business offer, etc.), beneficial<br>4. OK, all right, fine, no problem",よい,Jamdict
人,"1. -ian (e.g. Italian), -ite (e.g. Tokyoite)<br>2. -er (e.g. performer, etc.), person working with ...<br>3. man, person, people",じん,Jamdict
まで,"1. until (a time), till, to, up to<br>2. to (a place), as far as<br>3. to (an extent), up to, so far as, even<br>4. only, merely",まで,Jamdict
ごはん,1. cooked rice<br>2. meal,ごはん,Jamdict
やっぱり,"1. as expected, sure enough, just as one thought<br>2. after all (is said and done), in the end, as one would expect, in any case<br>3. too, also, as well, likewise, (not) either<br>4. still, as before<br>5. all the same, even so, still, nonetheless",やはり,Jamdict
ずっと,"1. continuously in some state (for a long time, distance), throughout, all along, the whole time, all the way<br>2. much (better, etc.), by far, far and away<br>3. far away, long ago<br>4. direct, straight",ずっと,Jamdict
一緒,"1. together<br>2. at the same time<br>3. same, identical",いっしょ,Jamdict
はい,"1. yes, that is correct<br>2. understood, I see, OK, okay<br>3. present, here<br>4. pardon?, what's that?, come again?<br>5. now, here, here you go<br>6. giddy-up, giddap",はい,Jamdict
お姉ちゃん,"1. older sister<br>2. lass, young lady",おねえちゃん,Jamdict
前,"1. point, tip, end, nozzle<br>2. head (of a line), front<br>3. first, before, ahead (of)<br>4. (the way) ahead, beyond<br>5. future<br>6. previous, prior, former, recent, last<br>7. destination<br>8. rest (e.g. of a story), continuation, remaining part<br>9. the other party",さき,Jamdict
聞く,"1. to hear<br>2. to listen (e.g. to music)<br>3. to ask, to enquire, to query<br>4. to hear about, to hear of, to learn of<br>5. to follow (advice, order, etc.), to obey, to listen to, to comply with<br>6. to hear (e.g. a plea), to grant (a request), to accept (e.g. an argument), to give consideration to<br>7. to smell (esp. incense), to sample (a fragrance)<br>8. to taste (alcohol), to try",きく,Jamdict
くださる,"1. to give, to confer, to bestow<br>2. to kindly do for one, to oblige, to favour, to favor",くださる,Jamdict
なんて,"1. how ...!, what ...!<br>2. what?, what's that?",なんて,Jamdict
ありがとう,"1. thank you, thanks",ありがとう,Jamdict
帰る,"1. to return, to come home, to go home, to go back<br>2. to leave<br>3. to get home, to get to home plate",かえる,Jamdict
いつ,"1. when, at what time, how soon<br>2. normal times, ordinary days",いつ,Jamdict
後,"1. behind, rear<br>2. after, later<br>3. remainder, the rest<br>4. more (e.g. five more minutes), left<br>5. also, in addition<br>6. descendant, successor, heir<br>7. after one's death<br>8. past, previous",あと,Jamdict
入る,"1. to get in, to go in, to come in, to flow into, to set, to set in",いる,Jamdict
すむ,"1. to finish, to end, to be completed<br>2. to merely result in something less severe than expected<br>3. to feel at ease<br>4. to feel unease or guilt for troubling someone, to be sorry",すむ,Jamdict
今,"1. now, the present time, just now, soon, immediately<br>2. another, more",いま,Jamdict
大変,"1. very, greatly, terribly, awfully<br>2. immense, enormous, great<br>3. serious, grave, dreadful, terrible<br>4. difficult, hard<br>5. major incident, disaster",たいへん,Jamdict
分かる,"1. to understand, to comprehend, to grasp, to see, to get, to follow<br>2. to become clear, to be known, to be discovered, to be realized, to be realised, to be found out<br>3. I know!, I think so too!",わかる,Jamdict
寝る,"1. to sleep (lying down)<br>2. to go to bed, to lie in bed<br>3. to lie down<br>4. to sleep (with someone, i.e. have intercourse)<br>5. to lie flat (e.g. of hair)<br>6. to lie idle (of funds, stock, etc.)<br>7. to ferment (of soy sauce, miso, etc.)",ねる,Jamdict
考える,"1. to think (about, of), to think over, to ponder, to contemplate, to reflect (on), to meditate (on)<br>2. to consider, to bear in mind, to allow for, to take into consideration<br>3. to think (that), to believe, to hold (a view), to judge, to conclude, to suspect<br>4. to intend (to do), to think of (doing), to plan<br>5. to predict, to anticipate, to expect, to imagine<br>6. to come up with, to think up, to contrive, to devise<br>7. to consider (as), to regard (as), to look on (as), to take, to view",かんがえる,Jamdict
明日,1. tomorrow<br>2. near future,あした,Jamdict
まだ,"1. still, as yet, only<br>2. (not) yet<br>3. more, (more) still<br>4. at least, comparatively, relatively<br>5. unfinished, incomplete, not yet done",まだ,Jamdict
こっち,"1. this way, this direction<br>2. here<br>3. this (one)<br>4. I, me, we, us<br>5. this person",こちら,Jamdict
いく,"1. to go, to move (in a direction or towards a specific location), to head (towards), to be transported (towards), to reach<br>2. to proceed, to take place<br>3. to pass through, to come and go<br>4. to walk<br>5. to die, to pass away<br>6. to do (in a specific way)<br>7. to stream, to flow<br>8. to continue<br>9. to have an orgasm, to come, to cum<br>10. to trip, to get high, to have a drug-induced hallucination",いく,Jamdict
日,"1. day, days<br>2. sun, sunshine, sunlight<br>3. (the) day, daytime, daylight<br>4. date, deadline<br>5. (past) days, time (e.g. of one's childhood)<br>6. case (esp. unfortunate), event",ひ,Jamdict
おはよう,1. good morning,おはよう,Jamdict
早い,"1. fast, quick, hasty, brisk<br>2. early (in the day, etc.), premature<br>3. (too) soon, not yet, (too) early<br>4. easy, simple, quick",はやい,Jamdict
たり,"1. -ing and -ing (e.g. ""coming and going"")<br>2. doing such things as...<br>3. expresses a command<br>4. to be<br>5. indicates completion or continuation of an action",たり,Jamdict
さわ,"1. mountain stream, valley, dale<br>2. wetlands, swamp, marsh",さわ,Jamdict
ああ,"1. ah!, oh!, alas!<br>2. yes, indeed, that is correct<br>3. aah, gah, argh<br>4. hey!, yo!<br>5. uh huh, yeah yeah, right, gotcha",ああ,Jamdict
気,"1. spirit, mind, heart<br>2. nature, disposition<br>3. motivation, intention<br>4. mood, feelings<br>5. ambience, atmosphere, mood",き,Jamdict
荷物,"1. luggage, baggage, package<br>2. burden<br>3. payload (of a packet, cell, etc.)",にもつ,Jamdict
トン,"1. ton (now usu. a metric ton, i.e. 1,000kg), tonne",トン,Jamdict
とく,"1. to untie, to unfasten, to unwrap, to undo, to unbind, to unpack<br>2. to unsew, to unstitch<br>3. to solve, to work out, to answer<br>4. to dispel (misunderstanding, etc.), to clear up, to remove (suspicion), to appease<br>5. to dissolve (a contract), to cancel, to remove (a prohibition), to lift (a ban), to raise (a siege)<br>6. to release (from duty), to relieve, to dismiss<br>7. to comb (out), to card, to untangle (hair)",とく,Jamdict
いや,"1. no, the noes",ひ,Jamdict
最後,"1. end, conclusion<br>2. last, final, latest, most recent<br>3. no sooner than, once, right after (often having negative consequences)<br>4. one's final moments",さいご,Jamdict
わけ,"1. conclusion from reasoning, judgement or calculation based on something read or heard, reason, cause, meaning, circumstances, situation",わけ,Jamdict
カッコイイ,"1. attractive, good-looking, stylish, cool, smooth, neat, with-it, groovy",かっこいい,Jamdict
回る,1. to go around<br>2. to return<br>3. to surround<br>4. to concern (usu. of disputes),めぐる,Jamdict
ため,"1. good, advantage, benefit, welfare<br>2. sake, purpose, objective, aim<br>3. consequence, result, effect<br>4. affecting, regarding, concerning",ため,Jamdict
こんな,"1. this sort of, this kind of, like this, such",こんな,Jamdict
違う,"1. to differ (from), to vary<br>2. to not be in the usual condition<br>3. to not match the correct (answer, etc.)<br>4. to be different from promised<br>5. isn't it?, wasn't it?",ちがう,Jamdict
忘れる,"1. to forget, to leave carelessly, to be forgetful of, to forget about, to forget (an article)",わすれる,Jamdict
話,"1. talk, speech, chat, conversation<br>2. topic, subject<br>3. discussions, negotiation, argument<br>4. rumor, talk, hearsay<br>5. tale, story, fable<br>6. circumstances, particulars",はなし,Jamdict
待つ,"1. to wait<br>2. to await, to look forward to, to anticipate<br>3. to depend on, to need",まつ,Jamdict
また,"1. again, once more, once again, another time, some other time<br>2. also, too, as well, likewise<br>3. on the other hand, while<br>4. and, in addition, besides, moreover, furthermore<br>5. or, otherwise<br>6. really, how, (what, why) on earth<br>7. indirect",また,Jamdict
留年,"1. repeating a year (at school), staying in the same class for another year",りゅうねん,Jamdict
プレゼント,"1. present, gift<br>2. to give a present or gift",プレゼント,Jamdict
ちゃ,"1. hand, arm<br>2. forepaw, foreleg<br>3. handle<br>4. hand, worker, help<br>5. trouble, care, effort<br>6. means, way, trick, move, technique, workmanship<br>7. hand, handwriting<br>8. kind, type, sort<br>9. one's hands, one's possession<br>10. ability to cope<br>11. hand (of cards)<br>12. direction<br>13. move (in go, shogi, etc.)",て,Jamdict
ホント,"1. truth, reality, actuality, fact<br>2. proper, right, correct, official<br>3. genuine, authentic, real, natural, veritable",ほんとう,Jamdict
もらう,"1. to receive, to take, to accept<br>2. to get somebody to do something<br>3. to have in one's pocket (a fight, match)<br>4. to contract (a disease), to catch, to be affected",もらう,Jamdict
会える,"1. to meet, to encounter, to see<br>2. to have an accident, to have a bad experience",あう,Jamdict
ダメ,"1. no good, not serving its purpose, useless, broken<br>2. hopeless, wasted, in vain, purposeless<br>3. cannot, must not, not allowed<br>4. neutral point (in go), intersection owned by neither player at the end of a game",だめ,Jamdict
本当,"1. truth, reality, actuality, fact<br>2. proper, right, correct, official<br>3. genuine, authentic, real, natural, veritable",ほんとう,Jamdict
写真,"1. photograph, photo, picture, snapshot, snap<br>2. moving picture, movie",しゃしん,Jamdict
寿司,"1. sushi, anything made with vinegared rice (may also contain vegetables, spices, fish, or other delicacies)",すし,Jamdict
やめる,"1. to stop (an activity), to cease, to discontinue, to end, to quit<br>2. to cancel, to abandon, to give up, to abolish, to abstain, to refrain",やめる,Jamdict
みる,"1. to see, to look, to watch, to view, to observe<br>2. to examine, to look over, to assess, to check, to judge<br>3. to look after, to attend to, to take care of, to keep an eye on<br>4. to experience, to meet with (misfortune, success, etc.)<br>5. to try ..., to have a go at ..., to give ... a try<br>6. to see (that) ..., to find (that) ...",みる,Jamdict
さっき,"1. a short while ago, a moment ago, just now, some time ago",さっき,Jamdict
茶,"1. tea<br>2. tea plant (Camellia sinensis)<br>3. tea preparation, making tea<br>4. brown<br>5. mockery",ちゃ,Jamdict
どんな,"1. what kind of, what sort of, what<br>2. no matter what (kind of), whatever, any, all",どんな,Jamdict
知る,"1. to be aware of, to know, to be conscious of, to cognize, to cognise<br>2. to notice, to feel<br>3. to understand, to comprehend, to grasp<br>4. to remember, to be acquainted with (a procedure)<br>5. to experience, to go through, to learn<br>6. to be acquainted with (a person), to get to know<br>7. to concern",しる,Jamdict
子,"1. child<br>2. young (animal)<br>3. young woman, young geisha<br>4. offshoot<br>5. interest<br>6. new shares<br>7. player who is not a dealer (in cards, mahjong, etc.)<br>8. bird egg<br>9. -er (often of young women)",こ,Jamdict
くらい,"1. dark, gloomy, murky<br>2. depressed, dispirited, down in the dumps, dark (mood)<br>3. dark (in colour), dull<br>4. ill-boding, dark (e.g. past), suspicious<br>5. unlikely (to succeed), hopeless, unpromising<br>6. unfamiliar (with), ignorant (of)",くらい,Jamdict
色々,"1. various, all sorts of, variety of<br>2. various colors (colours)",いろいろ,Jamdict
聴く,"1. to hear<br>2. to listen (e.g. to music)<br>3. to ask, to enquire, to query<br>4. to hear about, to hear of, to learn of<br>5. to follow (advice, order, etc.), to obey, to listen to, to comply with<br>6. to hear (e.g. a plea), to grant (a request), to accept (e.g. an argument), to give consideration to<br>7. to smell (esp. incense), to sample (a fragrance)<br>8. to taste (alcohol), to try",きく,Jamdict
つける,"1. to install (a king, emperor, etc.)<br>2. to appoint (to a post), to promote<br>3. to assign (to study under)",つける,Jamdict
やっと,"1. at last, finally<br>2. barely, narrowly, just, by the skin of one's teeth",やっと,Jamdict
まさか,"1. by no means, never!, well, I never!, you don't say!, certainly (not)<br>2. something unexpected, emergency<br>3. currently, for the time being, presently, for now<br>4. indeed, really, truly, unexpectedly",まさか,Jamdict
乗る,"1. to get on (train, plane, bus, ship, etc.), to get in, to board, to take, to embark<br>2. to get on (e.g. a footstool), to step on, to jump on, to sit on, to mount<br>3. to reach, to go over, to pass<br>4. to follow, to stay (on track), to go with (the times, etc.)<br>5. to take part, to participate, to join<br>6. to get into the swing (and sing, dance, etc.)<br>7. to be deceived, to be taken in<br>8. to be carried, to be spread, to be scattered<br>9. to stick, to attach, to take, to go on",のる,Jamdict
大きな,"1. big, large, great",おおきな,Jamdict
行ける,"1. to go, to move (in a direction or towards a specific location), to head (towards), to be transported (towards), to reach<br>2. to proceed, to take place<br>3. to pass through, to come and go<br>4. to walk<br>5. to die, to pass away<br>6. to do (in a specific way)<br>7. to stream, to flow<br>8. to continue<br>9. to have an orgasm, to come, to cum<br>10. to trip, to get high, to have a drug-induced hallucination",いく,Jamdict
おッ,"1. oh, oops",おっ,Jamdict
タクシー,1. taxi,タクシー,Jamdict
ラブ,1. love,ラブ,Jamdict
おかず,"1. small dish (usu. one of several accompanying rice), side dish<br>2. fill, fill-in (drumming)<br>3. jack-off material, something to masturbate to",おかず,Jamdict
ふわふわ,"1. lightly (floating, drifting, etc.), buoyantly<br>2. soft, fluffy, spongy<br>3. unsteadily, flightily, fickly, frivolously",ふわふわ,Jamdict
放課後,1. after school (at the end of the day),ほうかご,Jamdict
ティータイム,"1. teatime, tea break, coffee break",ティータイム,Jamdict
お前,"1. you<br>2. presence (of a god, nobleman, etc.)",おまえ,Jamdict
大事,"1. important, serious, crucial<br>2. valuable, precious<br>3. serious matter, major incident, matter of grave concern, crisis<br>4. great undertaking, great enterprise, great thing<br>5. safe, OK",だいじ,Jamdict
ごめん,"1. I'm sorry, my apologies, excuse me, pardon me<br>2. may I come in?<br>3. permission, leave, license<br>4. dismissal, discharge<br>5. not wanting, objecting to, being fed up with, wishing to avoid",ごめん,Jamdict
お菓子,"1. confections, sweets, candy, cake",おかし,Jamdict
いける,"1. to go, to move (in a direction or towards a specific location), to head (towards), to be transported (towards), to reach<br>2. to proceed, to take place<br>3. to pass through, to come and go<br>4. to walk<br>5. to die, to pass away<br>6. to do (in a specific way)<br>7. to stream, to flow<br>8. to continue<br>9. to have an orgasm, to come, to cum<br>10. to trip, to get high, to have a drug-induced hallucination",いく,Jamdict
ござる,1. to be,ござる,Jamdict
練習,"1. practice, training, drill, (an) exercise, workout",れんしゅう,Jamdict
バンド,1. band<br>2. belt,バンド,Jamdict
大好き,"1. loveable, very likeable, like very much",だいすき,Jamdict
一,"1. one, 1<br>2. best<br>3. first, foremost",いち,Jisho
番,"1. number (in a series)<br>2. (one's) turn<br>3. watch, guard, lookout<br>4. rank, standing, position<br>5. bout, match<br>6. pieces (in a collection)",ばん,Jamdict
学校,1. school,がっこう,Jamdict
お茶,1. tea (usu. green)<br>2. tea break (at work)<br>3. tea ceremony,おちゃ,Jamdict
せる,1. to compete<br>2. to bid<br>3. to sell at auction,せる,Jamdict
大学,"1. university, college<br>2. former central university of Kyoto (established under the ritsuryo system for the training of government administrators)<br>3. the Great Learning (one of the Four Books)",だいがく,Jamdict
さすが,"1. as one would expect, just as you'd expect (from), just like (someone)<br>2. still, all the same, after all<br>3. even ... (e.g. ""even a genius"")",さすが,Jamdict
らしい,"1. seeming ..., appearing ...<br>2. -ish, like a ..., typical of ..., appropriate for ..., becoming of ..., worthy of the name ...",らしい,Jamdict
道,"1. road, path, street, lane, passage<br>2. route, way<br>3. distance, journey<br>4. road (e.g. to victory), course<br>5. way (of living, proper conduct, etc.), moral principles<br>6. teachings (esp. Confucian or Buddhist), dogma<br>7. field (e.g. of medicine), subject, speciality<br>8. means, way, method",みち,Jamdict
よく,"1. nicely, properly, well, skillfully, skilfully<br>2. frequently, often<br>3. I'm glad that you ..., thank you for ...<br>4. (you have) quite the nerve to, I don't know how you can ...",よく,Jamdict
つく,"1. to be attached, to be connected with, to adhere, to stick, to cling<br>2. to remain imprinted, to scar, to stain, to dye<br>3. to bear (fruit, interest, etc.)<br>4. to be acquired (of a habit, ability, etc.), to increase (of strength, etc.)<br>5. to take root<br>6. to accompany, to attend, to follow, to study with<br>7. to side with, to belong to<br>8. to possess, to haunt<br>9. to be lit, to be lighted<br>10. to be settled, to be resolved, to be decided<br>11. to be given (of a name, price, etc.)<br>12. to be sensed, to be perceived<br>13. to be lucky<br>14. to become (a state, condition, etc.)",つく,Jamdict
先生,"1. teacher, instructor, master<br>2. sensei, title or form of address for a teacher, master, doctor, lawyer, etc.<br>3. intimate or teasing form of address<br>4. one's elder",せんせい,Jamdict
とこ,"1. place, spot, scene, site<br>2. address<br>3. district, area, locality<br>4. one's house<br>5. point, aspect, side, facet<br>6. passage (in text), part<br>7. space, room<br>8. thing, matter<br>9. whereupon, as a result<br>10. about to, on the verge of<br>11. was just doing, was in the process of doing, have just done, just finished doing",ところ,Jamdict
決める,"1. to decide, to choose, to determine, to make up one's mind, to resolve, to set one's heart on, to settle, to arrange, to set, to appoint, to fix<br>2. to clinch (a victory), to decide (the outcome of a match)<br>3. to persist in doing, to go through with<br>4. to always do, to have made a habit of<br>5. to take for granted, to assume<br>6. to dress up, to dress to kill, to dress to the nines<br>7. to carry out successfully (a move in sports, a pose in dance, etc.), to succeed in doing<br>8. to immobilize with a double-arm lock (in sumo, judo, etc.)<br>9. to eat or drink something, to take illegal drugs",きめる,Jamdict
ちゃんと,"1. diligently, seriously, earnestly, reliably, steadily, legitimately<br>2. perfectly, properly, exactly, orderly, punctually, regularly<br>3. sufficiently, satisfactorily<br>4. quickly",ちゃんと,Jamdict
今日,"1. today, this day<br>2. these days, recently, nowadays",きょう,Jamdict
すぎる,"1. to pass through, to pass by, to go beyond<br>2. to pass (of time), to elapse<br>3. to have expired, to have ended, to be over<br>4. to exceed, to surpass, to be above<br>5. to be no more than ...<br>6. to be excessive, to be too much, to be too ...",すぎる,Jamdict
アフタヌーン,1. afternoon,アフターヌーン,Jamdict
ティー,1. tea<br>2. tee,ティー,Jamdict
ネッシー,1. Nessie (i.e. the Loch Ness monster),ネッシー,Jamdict
作る,"1. to make, to produce, to manufacture, to build, to construct<br>2. to prepare (food), to brew (alcohol)<br>3. to raise, to grow, to cultivate, to train<br>4. to till<br>5. to draw up (a document), to make out, to prepare, to write<br>6. to create (an artistic work, etc.), to compose<br>7. to coin (a phrase), to organize, to organise, to establish, to found<br>8. to have (a child)<br>9. to make up (one's face, etc.)<br>10. to fabricate (an excuse, etc.)<br>11. to give a (false) appearance, to feign (a smile, etc.), to put on a show of emotion<br>12. to form (a line, etc.)<br>13. to set (a record)<br>14. to commit (a sin, etc.)",つくる,Jamdict
っけ,"1. lacking substance and existing in name only, something without substance",け,Jamdict
むっ,1. six<br>2. six years of age<br>3. six o'clock (old time system),むっつ,Jisho
誰,1. who,だれ,Jamdict
出る,"1. to leave, to exit, to go out, to come out, to get out<br>2. to leave (on a journey), to depart, to start out, to set out<br>3. to move forward<br>4. to come to, to get to, to lead to, to reach<br>5. to appear, to come out, to emerge, to surface, to come forth, to turn up, to be found, to be detected, to be discovered, to be exposed, to show, to be exhibited, to be on display<br>6. to appear (in print), to be published, to be announced, to be issued, to be listed, to come out<br>7. to attend, to participate, to take part, to enter (an event), to play in, to perform<br>8. to be stated, to be expressed, to come up, to be brought up, to be raised<br>9. to sell<br>10. to exceed, to go over<br>11. to stick out, to protrude<br>12. to break out, to occur, to start, to originate<br>13. to be produced<br>14. to come from, to be derived from<br>15. to be given, to get, to receive, to be offered, to be provided, to be presented, to be submitted, to be handed in, to be turned in, to be paid<br>16. to answer (phone, door, etc.), to get<br>17. to assume (an attitude), to act, to behave<br>18. to pick up (speed, etc.), to gain<br>19. to flow (e.g. tears), to run, to bleed<br>20. to graduate<br>21. to ejaculate, to cum",でる,Jamdict
戻る,"1. to turn back (e.g. half-way)<br>2. to return, to go back<br>3. to recover (e.g. something lost), to be returned<br>4. to rebound, to spring back",もどる,Jamdict
日本語,1. Japanese (language),にほんご,Jamdict
とき,"1. time, hour, moment<br>2. occasion, case<br>3. chance, opportunity, season<br>4. the times, the age, the day<br>5. tense",とき,Jamdict
サンキュー,1. thank you,サンキュー,Jamdict
寿司屋,"1. sushi shop, sushi restaurant, sushi bar",すしや,Jamdict
クライシス,1. crisis,クライシス,Jamdict
ライブ,"1. live (esp. concert, show, etc.), live performance<br>2. alive",ライブ,Jamdict
中,"1. inside, interior, in<br>2. among, within<br>3. middle, center, centre<br>4. during, while, middle, midst, amid<br>5. interval, gap<br>6. mean, average<br>7. second (of three, e.g. sons, volumes), middle<br>8. medium grade, medium quality<br>9. red-light district",なか,Jamdict
笑顔,"1. smiling face, smile",えがお,Jamdict
合う,"1. to come together, to merge, to unite, to meet<br>2. to fit, to match, to suit, to agree with, to be correct<br>3. to be profitable, to be equitable<br>4. to do ... to each other, to do ... together",あう,Jamdict
時,"1. time, hour, moment<br>2. occasion, case<br>3. chance, opportunity, season<br>4. the times, the age, the day<br>5. tense",とき,Jamdict
夢,1. dream,ゆめ,Jamdict
すてき,"1. lovely, wonderful, nice, great, fantastic, superb, cool",すてき,Jamdict
天使,1. angel,てんし,Jamdict
部室,1. clubroom,ぶしつ,Jamdict
音楽,1. music,おんがく,Jamdict
くせ,"1. habit (often a bad habit, i.e. vice), tendency<br>2. peculiarity, idiosyncrasy, mannerism<br>3. crease, wrinkle, curl, kink",くせ,Jamdict
音楽性,1. musicianship,おんがくせい,Jamdict
にゃ,"1. load, baggage, cargo, freight, goods<br>2. burden, responsibility",に,Jamdict
吹ける,"1. to blow (of the wind)<br>2. to blow (one's breath), to breathe out, to blow on (hot tea, candles, etc.), to puff<br>3. to play (a wind instrument), to blow (a whistle, trumpet, etc.), to whistle (a tune)<br>4. to emit (smoke, fire, etc.), to spout, to spew, to puff out<br>5. to sprout, to put forth (buds)<br>6. to appear (on the surface), to form, to be coated with (powder, rust, etc.)<br>7. to burst out laughing, to burst into laughter<br>8. to brag, to talk big<br>9. to smelt, to mint",ふく,Jamdict
おかしい,"1. funny, amusing, comical, laughable, ridiculous<br>2. strange, odd, funny, peculiar, weird, unusual, eccentric<br>3. improper, unsuitable, unbecoming<br>4. suspicious",おかしい,Jamdict
一番,"1. number one, first, first place<br>2. best, most<br>3. game, round, bout<br>4. as a test, as an experiment, by way of experiment, by way of trial, tentatively<br>5. song (e.g. in noh), piece",いちばん,Jamdict
悪い,"1. bad, poor, undesirable<br>2. poor (quality), inferior, insufficient<br>3. evil, sinful<br>4. ugly, not beautiful<br>5. at fault, to blame, in the wrong<br>6. bad (at doing something)<br>7. unprofitable, unbeneficial<br>8. sorry, (my) bad, unforgivable",わるい,Jamdict
楽しい,"1. enjoyable, fun, pleasant, happy, delightful",たのしい,Jamdict
音,"1. sound, noise, report<br>2. note<br>3. fame<br>4. Chinese-derived character reading",おと,Jamdict
歌,1. song<br>2. classical Japanese poetry (esp. tanka)<br>3. modern poetry,うた,Jamdict
目,"1. eye, eyeball<br>2. eyesight, sight, vision<br>3. look, stare, gaze, glance<br>4. notice, attention, observation, eyes (of the world, public, etc.)<br>5. an experience<br>6. viewpoint<br>7. discrimination, discernment, judgement, eye (e.g. for quality)<br>8. appearance<br>9. chance to succeed, possibility<br>10. spacing (between crossed strands of a net, mesh, etc.), opening, stitch, texture, weave<br>11. grain (of wood)<br>12. eye (of a storm, needle, etc.)<br>13. intersection (on a go board), square (on a chess board)<br>14. dot (on a dice), pip, rolled number<br>15. graduation, division (of a scale)<br>16. tooth (of a saw, comb, etc.)<br>17. ordinal number suffix<br>18. somewhat, -ish<br>19. point (e.g. of change)",め,Jamdict
ひと,"1. one<br>2. best<br>3. first, foremost<br>4. beginning, start<br>5. a (single), one (of many)<br>6. ace (playing card)<br>7. bottom string (on a shamisen, etc.)",いち,Jamdict
確か,"1. sure, certain, positive, definite<br>2. reliable, trustworthy, safe, sound, firm, accurate, correct, exact<br>3. If I'm not mistaken, If I remember correctly, If I remember rightly",たしか,Jamdict
カワイイ,"1. cute, adorable, charming, lovely, pretty<br>2. dear, precious, darling, pet<br>3. innocent, childlike, childish, lovable<br>4. dainty, cute little, tiny",かわいい,Jamdict
っぽい,"1. -ish, -like",っぽい,Jamdict
クラス,1. class,クラス,Jamdict
いつも,"1. always, all the time, at all times<br>2. never<br>3. usual, regular, habitual, customary",いつも,Jamdict
手,"1. hand, arm<br>2. forepaw, foreleg<br>3. handle<br>4. hand, worker, help<br>5. trouble, care, effort<br>6. means, way, trick, move, technique, workmanship<br>7. hand, handwriting<br>8. kind, type, sort<br>9. one's hands, one's possession<br>10. ability to cope<br>11. hand (of cards)<br>12. direction<br>13. move (in go, shogi, etc.)",て,Jamdict
歌詞,"1. song lyrics, words of a song, libretto",かし,Jamdict
なあ,"1. greens, vegetables<br>2. rape (Brassica napus), rapeseed",な,Jamdict
感じ,"1. feeling, sense, impression",かんじ,Jamdict
好き,"1. liked, well-liked, favourite, favorite<br>2. in love (with), loved, romantically interested (in)<br>3. faddism, eccentricity<br>4. the way one likes, (as) it suits one<br>5. refined taste, elegant pursuits",すき,Jamdict
すぐ,"1. immediately, at once, right away, directly<br>2. soon, before long, shortly<br>3. easily, readily, without difficulty<br>4. right (near), nearby, just (handy)<br>5. honest, upright, frank, straightforward",すぐ,Jamdict
空,"1. emptiness, vacuum, blank",から,Jamdict
見える,"1. to be seen, to be in sight<br>2. to look, to seem, to appear<br>3. to come",みえる,Jamdict
皆,"1. everyone, everybody, all<br>2. everything, all",みんな,Jamdict
いきなり,"1. abruptly, suddenly, all of a sudden, without warning",いきなり,Jamdict
メール,"1. email<br>2. mail (usu. in compound words), post<br>3. message (sent over a chat application), (SMS) text<br>4. male",メール,Jamdict
買う,"1. to buy, to purchase<br>2. to value, to have a high opinion<br>3. to stir, to provoke, to draw upon oneself",かう,Jamdict
っと,"1. if, when<br>2. and<br>3. with<br>4. used for quoting (thoughts, speech, etc.)<br>5. promoted pawn<br>6. indicates a question",と,Jamdict
いっぱい,"1. amount necessary to fill a container (e.g. cupful, spoonful, etc.), drink (usu. alcoholic)<br>2. full<br>3. one squid, octopus, crab, etc., one boat<br>4. fully, to capacity<br>5. a lot, much<br>6. all of ..., the entire ...",いっぱい,Jamdict
でる,"1. to shine<br>2. to look slightly upward (of a noh mask; indicating joy, etc.)",てる,Jamdict
研,"1. research, study, investigation<br>2. Research",けんきゅう,Jisho
撮る,"1. to take (a photo)<br>2. to record (video, audio, etc.), to make (a film)",とる,Jamdict
もし,"1. if, in case, supposing",もし,Jamdict
失礼,"1. discourtesy, impoliteness<br>2. excuse me, goodbye<br>3. to leave<br>4. to be rude",しつれい,Jamdict
気持ち,"1. feeling, sensation, mood, state of mind<br>2. preparedness, readiness, attitude<br>3. thought, sentiment, consideration, solicitude, gratitude<br>4. slightly, a bit, a little",きもち,Jamdict
たん,"1. liver, innards<br>2. courage, spirit, pluck, guts<br>3. crux, essential point, key",きも,Jamdict
今まで,"1. until now, so far, up to the present",いままで,Jamdict
スケール,"1. scale, vernier",スケール,Jamdict
あと,"1. behind, rear<br>2. after, later<br>3. remainder, the rest<br>4. more (e.g. five more minutes), left<br>5. also, in addition<br>6. descendant, successor, heir<br>7. after one's death<br>8. past, previous",あと,Jamdict
飛行機,"1. aeroplane, airplane, aircraft",ひこうき,Jamdict
わッ,"1. boo! (sound used to scare someone)<br>2. ugh (dissatisfaction, aggravation)<br>3. ulp (consternation)",わっ,Jamdict
アイ,"1. dyer's knotweed (Persicaria tinctoria, used to produce indigo dye)<br>2. indigo (dye)<br>3. indigo (colour)",あい,Jamdict
英語,1. English (language),えいご,Jamdict
次,"1. next, following, subsequent<br>2. stage, station",つぎ,Jamdict
かしら,"1. I wonder<br>2. some kind, some stage, somehow, somewhere",かしら,Jamdict
ホテル,1. hotel,ホテル,Jamdict
ご飯,1. cooked rice<br>2. meal,ごはん,Jamdict
呼ぶ,"1. to call out (to), to call, to invoke<br>2. to summon (a doctor, etc.)<br>3. to invite<br>4. to designate, to name, to brand<br>5. to garner (support, etc.), to gather<br>6. to take as one's wife",よぶ,Jamdict
歌う,"1. to sing<br>2. to sing (one's praises in a poem, etc.), to compose a poem, to recite a poem",うたう,Jamdict
すっごい,"1. terrible, dreadful<br>2. amazing (e.g. of strength), great (e.g. of skills), wonderful, terrific<br>3. to a great extent, vast (in numbers)<br>4. awfully, very, immensely",すごい,Jamdict
にゃんにゃん,"1. meow, miaow<br>2. cat<br>3. sexual intercourse, making out",にゃんにゃん,Jamdict
なん,"1. what<br>2. you-know-what, that thing<br>3. whatsit, whachamacallit, what's-his-name, what's-her-name<br>4. (not) at all, (not) in the slightest<br>5. what?, huh?<br>6. hey!<br>7. oh, no (it's fine), why (it's nothing), oh (certainly not)",なに,Jamdict
むしろ,"1. rather, better, instead, if anything",むしろ,Jamdict
変,"1. strange, odd, peculiar, weird, curious, queer, eccentric, funny, suspicious, fishy<br>2. unexpected<br>3. change<br>4. incident, disturbance, disaster, accident<br>5. flat",へん,Jamdict
気づく,"1. to notice, to recognize, to recognise, to become aware of, to perceive, to realize, to realise",きづく,Jamdict
教室,"1. classroom<br>2. department, laboratory<br>3. single-room school, small school",きょうしつ,Jamdict
目指す,"1. to aim at (for, to do, to become), to try for, to have an eye on<br>2. to go toward, to head for",めざす,Jamdict
見せる,"1. to show, to display",みせる,Jamdict
入部,1. joining a club,にゅうぶ,Jamdict
ギター,1. guitar,ギター,Jamdict
なさる,1. to do,なさる,Jamdict
チャン,"1. asphalt, bitumen",れきせい,Jamdict
おいしい,"1. delicious, tasty, sweet<br>2. attractive, appealing, convenient, favorable, desirable, profitable",おいしい,Jamdict
定番,"1. standard, routine, regular, basic, staple",ていばん,Jamdict
ハート,1. heart,ハート,Jamdict
予感,"1. presentiment, premonition, hunch<br>2. to have a premonition, to have a hunch",よかん,Jamdict
出逢う,"1. to meet (by chance), to come across, to run across, to encounter, to happen upon<br>2. to meet (e.g. of rivers, highways, etc.)<br>3. to emerge and engage (an enemy)",であう,Jamdict
胸,"1. chest, breast<br>2. breasts, bosom, bust<br>3. heart<br>4. lungs<br>5. stomach<br>6. heart, mind, feelings",むね,Jamdict
一杯,"1. amount necessary to fill a container (e.g. cupful, spoonful, etc.), drink (usu. alcoholic)<br>2. full<br>3. one squid, octopus, crab, etc., one boat<br>4. fully, to capacity<br>5. a lot, much<br>6. all of ..., the entire ...",いっぱい,Jamdict
自分,"1. myself, yourself, oneself, himself, herself<br>2. I, me<br>3. you",じぶん,Jamdict
こう,"1. in this way, thus, such<br>2. uh...",こう,Jamdict
しれる,"1. to become known, to come to light, to be discovered<br>2. to be known, to be understood<br>3. to obviously not amount to much, to seem trivial<br>4. to be evident, to be obvious, to go without saying<br>5. to be very intense (worry, hope, etc.), to be extremely severe",しれる,Jamdict
家,"1. house, residence, dwelling<br>2. family, household<br>3. lineage, family name",いえ,Jamdict
紅茶,1. black tea,こうちゃ,Jamdict
痛い,"1. painful, sore<br>2. cringy, embarrassing<br>3. exceeding",いたい,Jamdict
間,"1. space (between), gap, interval, distance, stretch<br>2. period of time (during, while), duration, interval<br>3. between (two parties or things)<br>4. among (a group)<br>5. relations (between), relationship<br>6. midpoint, average, halfway, middle ground<br>7. due to, because of",あいだ,Jamdict
まあ,"1. just (e.g. ""just wait here""), come now, now, now<br>2. tolerably, passably, moderately, reasonably, fairly, rather, somewhat<br>3. well..., I think..., it would seem..., you might say..., Hmmm, I guess so...<br>4. oh!, oh dear!, oh, my!, wow!, goodness gracious!, good heavens!",まあ,Jamdict
とにかく,"1. anyhow, at any rate, anyway, somehow or other, generally speaking, in any case, at least",とにかく,Jamdict
絶対,"1. definitely, absolutely, unconditionally<br>2. absolute, unconditional, unmistakable<br>3. absoluteness",ぜったい,Jamdict
まま,"1. as it is, as one likes, because, as<br>2. condition, state<br>3. sic, sic erat scriptum, the quoted matter has been transcribed exactly as found in the source text",まま,Jamdict
内緒,"1. secrecy, confidentiality, privacy, secret<br>2. one's circumstances (esp. fiscal)<br>3. inner realization, personal enlightenment<br>4. kitchen",ないしょ,Jamdict
喜ぶ,"1. to be delighted, to be glad, to be pleased<br>2. to congratulate<br>3. to gratefully accept",よろこぶ,Jamdict
同じ,"1. same, identical, equal, uniform, equivalent, similar, common (origin), changeless, alike<br>2. anyway, anyhow, in either case",おなじ,Jamdict
抱きつく,"1. to cling to, to embrace",だきつく,Jamdict
あげる,"1. to raise, to elevate<br>2. to do up (one's hair)<br>3. to fly (a kite, etc.), to launch (fireworks, etc.), to surface (a submarine, etc.)<br>4. to land (a boat)<br>5. to deep-fry<br>6. to show someone (into a room)<br>7. to give<br>8. to send someone (away)<br>9. to enrol (one's child in school), to enroll<br>10. to increase (price, quality, status, etc.), to develop (talent, skill), to improve<br>11. to make (a loud sound), to raise (one's voice)<br>12. to earn (something desirable)<br>13. to praise<br>14. to give (an example, etc.), to cite<br>15. to summon up (all of one's energy, etc.)<br>16. to arrest<br>17. to nominate<br>18. to summon (for geishas, etc.)<br>19. to offer up (incense, a prayer, etc.) to the gods (or Buddha, etc.)<br>20. to bear (a child)<br>21. to conduct (a ceremony, esp. a wedding)<br>22. (of the tide) to come in<br>23. to vomit<br>24. to do for (the sake of someone else)<br>25. to complete ...<br>26. to humbly do ...",あげる,Jamdict
新しい,"1. new, novel, fresh, recent, latest, up-to-date, modern",あたらしい,Jamdict
どういう,"1. somehow, how, in what way, why, what kind of",どういう,Jamdict
靴下,"1. socks, sock, stockings, stocking",くつした,Jamdict
登校,"1. attendance (at school), going to school",とうこう,Jamdict
しか,"1. only, nothing but",しか,Jamdict
方,"1. direction, way<br>2. person, lady, gentleman<br>3. method of, manner of, way of<br>4. care of ...<br>5. person in charge of ...<br>6. side (e.g. ""on my mother's side"")",かた,Jamdict
パスポート,1. passport,パスポート,Jamdict
先,"1. a short while ago, a moment ago, just now, some time ago",さっき,Jamdict
チャンチャンチャカチャカ,1. Chan Chan Cha Ka Chaka (Auto-translated),チャンチャンチャカチャカ,GTranslate
チャカチャカ,"1. restlessly, restively, agitated, fidgety",ちゃかちゃか,Jamdict
決まる,"1. to be decided, to be settled, to be fixed, to be arranged<br>2. to be unchanging, to be the same (as always), to be fixed, to be set<br>3. to be a fixed rule, to be destined, to be a convention, to be a custom, to be common knowledge<br>4. to be well executed (of a manoeuvre in a sport, game, etc.), to go well, to succeed, to connect (of a punch)<br>5. to look good (of clothing), to look sharp, to be stylish, to suit one, to be held in place (of a hairdo)<br>6. to be struck and held (of a pose in kabuki)",きまる,Jamdict
結局,"1. after all, in the end, ultimately, eventually<br>2. conclusion, end<br>3. end of a game of go, shogi, etc.",けっきょく,Jamdict
間違える,"1. to make a mistake (in), to commit an error (e.g. in calculation)<br>2. to confuse, to mistake something for something else",まちがえる,Jamdict
そろそろ,"1. slowly, quietly, steadily, gradually, gingerly<br>2. soon, momentarily, before long, any time now",そろそろ,Jamdict
落ち着く,"1. to calm down, to compose oneself, to regain presence of mind<br>2. to calm down, to settle down, to die down, to become stable, to abate<br>3. to settle down (in a location, job, etc.), to settle in<br>4. to be settled, to be fixed, to have been reached<br>5. to harmonize with, to harmonise with, to match, to suit, to fit<br>6. to be unobtrusive, to be quiet, to be subdued",おちつく,Jamdict
国,"1. country, state<br>2. region<br>3. national government, central government<br>4. home (i.e. hometown, home country)<br>5. province (of Japan)<br>6. land, earth",くに,Jamdict
お母さん,"1. mother, mom, mum, ma<br>2. wife",おかあさん,Jamdict
お願い,"1. request, favour (to ask), wish<br>2. please",おねがい,Jamdict
しっかり,"1. tightly (holding on), firmly, securely<br>2. strongly (built), solidly, sturdily, steadily<br>3. properly, well, sufficiently, hard (working, etc.), fully, completely<br>4. reliably, dependably, levelheadedly, shrewdly, wisely, cleverly",しっかり,Jamdict
たくさん,"1. a lot, lots, plenty, many, a large number, much, a great deal, a good deal<br>2. enough, sufficient<br>3. enough, too many, too much",たくさん,Jamdict
使う,"1. to use (a thing, method, etc.), to make use of, to put to use<br>2. to use (a person, animal, puppet, etc.), to employ, to handle, to manage, to manipulate<br>3. to use (time, money, etc.), to spend, to consume<br>4. to use (language), to speak",つかう,Jamdict
屋,1. (something) shop<br>2. somebody who sells (something) or works as (something)<br>3. somebody with a (certain) personality trait<br>4. house<br>5. roof,や,Jamdict
自由,"1. freedom, liberty",じゆう,Jamdict
行動,"1. action, conduct, behaviour, behavior, mobilization, mobilisation",こうどう,Jamdict
オカルト,1. occult,オカルト,Jamdict
今度,"1. this time, now<br>2. next time, another time, shortly, soon<br>3. recently, lately, the other day",こんど,Jamdict
おなか,"1. belly, abdomen, stomach",おなか,Jamdict
おやつ,"1. between-meal snack<br>2. mid-afternoon (around 3 o'clock) snack, afternoon refreshment, afternoon tea",おやつ,Jamdict
うわ,"1. upper, upward, outer, surface, top",うわ,Jamdict
ヤダ,"1. not a chance, not likely, no way, no<br>2. oh no, yuck, eew<br>3. fault, defect, weak point",やだ,Jamdict
嫌,"1. disagreeable, detestable, unpleasant, reluctant",いや,Jamdict
贈る,"1. to give (as a gift), to present<br>2. to confer, to bestow, to award",おくる,Jamdict
ウソ,"1. lie, fib, falsehood, untruth<br>2. mistake, error<br>3. unwise move, bad decision<br>4. no way!, unbelievable!, really?!",うそ,Jamdict
よいしょっ,"1. huff!, yo-heave-ho!, heigh-ho<br>2. to butter up, to suck up to",よいしょ,Jamdict
置く,"1. to put, to place<br>2. to leave (behind)<br>3. to establish (an organization, a facility, a position, etc.), to set up<br>4. to appoint (someone to a certain position), to hire, to employ<br>5. to place (one's trust, one's faith, etc.), to bear (in mind, etc.)<br>6. to put down a tool (e.g. a pen) hence stopping what one is doing with that tool<br>7. to take in (boarders, etc.), to provide lodging in one's house<br>8. to separate spatially or temporally<br>9. to do something in advance<br>10. to leave something in a certain state, to keep something in a certain state",おく,Jamdict
過去,"1. the past, bygone days<br>2. one's past (that one would prefer remained secret)<br>3. past (tense), preterit, preterite<br>4. previous life",かこ,Jamdict
未来,1. the future (usually distant)<br>2. future tense<br>3. the world to come,みらい,Jamdict
チキン,"1. chicken<br>2. coward, scaredy-cat, chicken, wuss",チキン,Jamdict
ビーフ,1. beef,ビーフ,Jamdict
プリーズ,1. please,プリーズ,Jamdict
ミー,1. me,ミー,Jamdict
ロック,1. lock,ロック,Jamdict
いやいや,"1. no!, no no!, no, not at all",いやいや,Jamdict
座る,"1. to sit, to squat<br>2. to assume (a position)<br>3. to hold steady, to hold still",すわる,Jamdict
晩ご飯,"1. dinner, evening meal",ばんごはん,Jamdict
予約,"1. reservation, appointment, booking, advance order<br>2. contract, subscription, pledge<br>3. programming (e.g. a device), setting (e.g. a timer)",よやく,Jamdict
離れる,"1. to be separated, to be apart, to be distant<br>2. to leave, to go away<br>3. to leave (a job, etc.), to quit, to give up<br>4. to lose connection with, to drift away from",はなれる,Jamdict
アズキャッ,1. Azukya (Auto-translated),アズキャッ,GTranslate
こそ,"1. it is ... that ..., precisely, in particular, definitely, for sure, only (when, after, because, etc.)<br>2. although, while, it is the case that ... but<br>3. it is precisely because ... that ..., only because ...<br>4. not at all, not in the slightest, absolutely not, never",こそ,Jamdict
カレー,1. curry (esp. Japanese curry)<br>2. rice and curry,カレー,Jamdict
ライス,1. rice (esp. when served on a plate),ライス,Jamdict
ワン,1. one,ワン,Jamdict
ツー,1. two<br>2. dash (in Morse code),ツー,Jamdict
ピリリ,"1. tingling, stinging, pungently",ぴりり,Jamdict
紹介,"1. introduction, presentation, referral, listing",しょうかい,Jamdict
なれる,"1. to get used to, to grow accustomed to, to become familiar with<br>2. to become skilled in, to become experienced at<br>3. to become tame, to become domesticated<br>4. to get used to doing",なれる,Jamdict
昔,"1. olden days, former",むかし,Jamdict
きっと,"1. surely, undoubtedly, almost certainly, most likely (e.g. 90 percent)<br>2. sternly, severely<br>3. having no slack, rigid, stiff, tight<br>4. suddenly, abruptly, instantly",きっと,Jamdict
おっきい,"1. big, large, great<br>2. loud<br>3. extensive, spacious<br>4. important, decisive, valuable<br>5. older, grown up",おおきい,Jamdict
おやすみ,"1. holiday, day off, absence<br>2. sleep, rest<br>3. Good night",おやすみ,Jamdict
ブラック,"1. black<br>2. black (coffee), without cream or milk<br>3. exploitative (of one's employees), immoral, corrupt<br>4. boldface, blackface, heavy-faced type",ブラック,Jamdict
フリル,1. frill,フリル,Jamdict
あなた,"1. your home, your residence<br>2. you (referring to one's equal; epistolary style)",きほう,Jamdict
送る,"1. to send (a thing), to dispatch, to despatch, to transmit<br>2. to take or escort (a person somewhere), to see off (a person)<br>3. to bid farewell (to the departed), to bury<br>4. to spend (time), to live one's life<br>5. to pass (down the line)<br>6. to affix okurigana",おくる,Jamdict
ピース,"1. peace<br>2. peas<br>3. piece<br>4. peace sign, V sign",ピース,Jamdict
困る,"1. to be troubled, to have difficulty, to be in a fix, to be at a loss, to be stumped, to be embarrassed<br>2. to be bothered, to be inconvenienced, to be annoyed<br>3. to be badly off, to be hard up, to be in straitened circumstances",こまる,Jamdict
お好み焼き,"1. okonomiyaki, savoury pancake containing meat or seafood and vegetables",おこのみやき,Jamdict
急,"1. sudden, abrupt, unexpected<br>2. urgent, pressing<br>3. steep, sharp, precipitous<br>4. rapid, swift, fast<br>5. emergency, crisis, danger<br>6. urgency, hurrying, haste<br>7. (in gagaku or noh) end of a song",きゅう,Jamdict
泣く,"1. to cry, to weep, to sob, to howl",なく,Jamdict
雨,"1. rain<br>2. rainy day, rainy weather<br>3. the November suit (in hanafuda)",あめ,Jamdict
思い,"1. thought<br>2. imagination, mind, heart<br>3. desire, wish, hope, expectation<br>4. love, affection<br>5. feelings, emotion, sentiment, experience",おもい,Jamdict
うまい,"1. skillful, skilful, clever, expert, wise, successful<br>2. delicious, appetizing, appetising, tasty<br>3. fortunate, splendid, promising",うまい,Jamdict
仲間,"1. samurai's attendant, footman",ちゅうげん,Jamdict
てらっしゃる,"1. hand, arm<br>2. forepaw, foreleg<br>3. handle",て,Jisho
解散,"1. breaking up (e.g. meeting), dispersing (e.g. crowd)<br>2. dissolving (company, organization, etc.), liquidating, disbanding<br>3. dissolving (diet, parliament, etc.)",かいさん,Jamdict
方向,"1. direction, orientation, bearing, way<br>2. course (e.g. of action)",ほうこう,Jamdict
やつ,"1. servant (esp. a samurai's attendant)<br>2. chivalrous man (Edo period)<br>3. cubed tofu (often served cold)<br>4. kite shaped like an Edo-period footman<br>5. Edo-period hairstyle worn by samurai's attendants<br>6. enslavement (of a woman; Edo-period punishment for her own or her husband's crime)<br>7. he, she, him, her",やっこ,Jamdict
覚える,"1. to memorize, to memorise, to commit to memory, to learn by heart, to bear in mind, to remember<br>2. to learn, to pick up, to acquire<br>3. to feel<br>4. to think, to regard",おぼえる,Jamdict
パンツ,"1. underpants, pants, briefs, panties, shorts, knickers<br>2. trousers (esp. women's), jodhpurs, breeches, pants, trunks (e.g. swimming)",パンツ,Jamdict
話す,"1. to talk, to speak, to converse, to chat<br>2. to tell, to explain, to narrate, to mention, to describe, to discuss<br>3. to speak (a language)",はなす,Jamdict
元気,"1. lively, full of spirit, energetic, vigorous, vital, spirited<br>2. healthy, well, fit, in good health",げんき,Jamdict
フワフワ,"1. lightly (floating, drifting, etc.), buoyantly<br>2. soft, fluffy, spongy<br>3. unsteadily, flightily, fickly, frivolously",ふわふわ,Jamdict
軽い,"1. light (i.e. not heavy), feeling light (i.e. offering little resistance, moving easily)<br>2. light (i.e. of foot), effortless, nimble, agile<br>3. non-serious, minor, unimportant, trivial<br>4. slight, small, gentle, soft, easy, lighthearted (e.g. joke)<br>5. easy, simple<br>6. indiscriminate",かるい,Jamdict
っちゃ,"1. then, well, so, well then<br>2. be, is",じゃあ,Jamdict
ハーモニカ,"1. harmonica, mouth organ<br>2. cunnilingus<br>3. hypodermic syringe",ハーモニカ,Jamdict
チャラ,"1. cancelling (a debt), forgiving (a debt), being even<br>2. forgetting (what was said or done), pretending (something never happened)",チャラ,Jamdict
元,"1. origin, source<br>2. base, basis, foundation, root<br>3. cause<br>4. ingredient, material<br>5. (somebody's) side, (somebody's) location<br>6. original cost (or capital, principal, etc.)<br>7. (plant) root, (tree) trunk<br>8. first section of a waka<br>9. counter for blades of grass, tree trunks, etc., and for falcons (in falconry)<br>10. handle (chopsticks, brush, etc.), grip",もと,Jamdict
いい加減,"1. irresponsible, perfunctory, careless<br>2. lukewarm, half-baked, halfhearted, vague<br>3. reasonable, moderate<br>4. considerably, quite, rather, pretty",いいかげん,Jamdict
一度,"1. once, one time, on one occasion<br>2. temporarily, for a moment<br>3. one degree, one tone, one musical interval",いちど,Jamdict
うふ,1. tee-hee,うふふ,Jamdict
あたり,"1. (in the) neighbourhood, neighborhood, vicinity, nearby, surroundings<br>2. around, about, or thereabouts<br>3. for instance, say, such as",あたり,Jamdict
幸せ,"1. happiness, good fortune, luck, blessing",しあわせ,Jamdict
反省会,"1. evaluation meeting, postmortem session, review meeting",はんせいかい,Jamdict
ドキドキ,"1. thump-thump, bang-bang, pit-a-pat, pitapat, pitter-patter<br>2. to beat fast (of one's heart), to throb, to pound, to palpitate",ドキドキ,Jamdict
自慢,"1. pride, boast",じまん,Jamdict
枚,1. counter for flat objects (e.g. sheets of paper)<br>2. counter for positions or roles<br>3. counter for food portions (now only gyōza and soba)<br>4. counter for ranking level,まい,Jamdict
開ける,"1. to open (a door, etc.), to unwrap (e.g. parcel, package), to unlock<br>2. to open (for business, etc.)<br>3. to empty, to remove, to make space, to make room<br>4. to move out, to clear out<br>5. to be away from (e.g. one's house), to leave (temporarily)<br>6. to dawn, to grow light<br>7. to end (of a period, season)<br>8. to begin (of the New Year)<br>9. to leave (one's schedule) open, to make time (for)<br>10. to make (a hole), to open up (a hole)",あける,Jamdict
年間,1. (period of) a year<br>2. during an era,ねんかん,Jamdict
受かる,1. to pass (examination),うかる,Jamdict
ハサミ,"1. scissors, shears, clippers<br>2. hole punch",はさみ,Jamdict
開く,"1. to open, to undo, to unseal, to unpack<br>2. to bloom, to unfold, to spread out<br>3. to open (for business, e.g. in the morning)<br>4. to be wide (gap, etc.), to widen<br>5. to hold (meeting, party, etc.), to give, to open<br>6. to found (nation, dynasty, sect, etc.), to open (a new business), to set up, to establish, to start<br>7. to open (ports, borders, etc.)<br>8. to open (an account)<br>9. to open up (new land, path, etc.), to clear, to develop<br>10. to open (a file, etc.)<br>11. to extract (root), to reduce (equation)<br>12. to cut open (fish)<br>13. to change (kanji into hiragana)<br>14. to flare (e.g. skirt)<br>15. to slacken (into a poor posture)",ひらく,Jamdict
名,"1. name, given name<br>2. title<br>3. fame, renown, reputation<br>4. pretext, pretense, justification, appearance",な,Jamdict
会議,"1. meeting, conference, session, assembly, council, convention, congress",かいぎ,Jamdict
足りる,"1. to be sufficient, to be enough<br>2. to be worth doing, to be worthy of, to deserve<br>3. to do (the job), to serve, to answer",たりる,Jamdict
取る,"1. to take, to pick up, to grab, to catch<br>2. to pass, to hand, to give<br>3. to get, to obtain, to acquire, to win, to receive, to earn, to take (e.g. a vacation)<br>4. to adopt (a method, proposal, etc.), to take (a measure, attitude, etc.), to choose<br>5. to remove, to get rid of, to take off<br>6. to take away, to steal, to rob<br>7. to eat, to have (e.g. lunch), to take (e.g. vitamins)<br>8. to pick (e.g. flowers), to gather, to extract (e.g. juice), to catch (e.g. fish)<br>9. to take up (time, space), to occupy, to spare, to set aside<br>10. to secure, to reserve, to save, to put aside, to keep<br>11. to take (e.g. a joke), to interpret, to understand, to make out, to grasp<br>12. to record, to take down<br>13. to subscribe to (e.g. a newspaper), to take, to buy, to get<br>14. to order, to have delivered<br>15. to charge, to fine, to take (tax)<br>16. to take (e.g. a wife), to take on (e.g. an apprentice), to adopt, to accept<br>17. to compete (in sumo, cards, etc.), to play",とる,Jamdict
審査,"1. judging, inspection, examination, investigation, review",しんさ,Jamdict
マネ,"1. imitating, copying, mimicry<br>2. behavior, behaviour, action, conduct",まね,Jamdict
今更,"1. now (when it is already much too late), at this stage<br>2. afresh, anew, again",いまさら,Jamdict
他,"1. other (place, thing, person), the rest<br>2. outside, beyond<br>3. nothing except, nothing but, nothing apart from, nothing aside from, no choice (but to)<br>4. besides..., in addition to...",ほか,Jamdict
物,"1. thing, object, article, stuff, substance<br>2. one's things, possessions, property, belongings<br>3. things, something, anything, everything, nothing<br>4. quality<br>5. reason, the way of things<br>6. used to emphasize emotion, judgment, etc., used to indicate a common occurrence in the past (after a verb in past tense), used to indicate a general tendency, used to indicate something that should happen<br>7. item classified as ..., item related to ..., work in the genre of ...<br>8. cause of ..., cause for ...<br>9. somehow, somewhat, for some reason<br>10. really, truly",もの,Jamdict
真面目,"1. one's true character, one's true self, one's true worth<br>2. serious, earnest",しんめんもく,Jamdict
ほしい,"1. wanted, wished for, in need of, desired<br>2. I want (you) to",ほしい,Jamdict
ばっかり,"1. only, merely, nothing but, no more than<br>2. approximately, about<br>3. just (finished, etc.)<br>4. as if to, (as though) about to<br>5. indicates emphasis<br>6. always, constantly",ばかり,Jamdict
だし,"1. parade float, festival float",だし,Jamdict
昨日,1. yesterday,きのう,Jamdict
書く,"1. to write, to compose, to pen<br>2. to draw, to paint",かく,Jamdict
冷たい,"1. cold (to the touch), chilly, icy, freezing<br>2. (emotionally) cold, coldhearted, unfeeling, indifferent, unfriendly, distant",つめたい,Jamdict
意味,"1. meaning, significance, sense",いみ,Jamdict
ぐらい,"1. dark, gloomy, murky<br>2. depressed, dispirited, down in the dumps, dark (mood)<br>3. dark (in colour), dull<br>4. ill-boding, dark (e.g. past), suspicious<br>5. unlikely (to succeed), hopeless, unpromising<br>6. unfamiliar (with), ignorant (of)",くらい,Jamdict
あら,"1. oh, ah",あら,Jamdict
申し込み,"1. application, entry, request, subscription, offer, proposal, overture, challenge",もうしこみ,Jamdict
買い,"1. buying, shopping<br>2. buyer<br>3. purchase",かい,Jamdict
初めて,"1. for the first time<br>2. only after ... is it ..., only when ... do you ...",はじめて,Jamdict
どっ,"1. which way, which direction, where<br>2. which one (esp. of two alternatives)<br>3. who",どちら,Jisho
卒業式,"1. graduation ceremony, commencement",そつぎょうしき,Jamdict
ぜひ,"1. certainly, without fail<br>2. right and wrong, pros and cons",ぜひ,Jamdict
ふん,"1. minute (unit of time)<br>2. fun (one tenth of a monme, 5.787 grains)",ふん,Jamdict
ダーメ,1. Dame (Auto-translated),ダーメ,GTranslate
よそ,"1. another place, somewhere else, strange parts<br>2. outside (one's family or group), someone else, other people<br>3. not caring for, being indifferent to, taking little notice of, ignoring, neglecting",よそ,Jamdict
うち,"1. house<br>2. one's house, one's home, one's family, one's household",うち,Jamdict
より,"1. than<br>2. from, out of, since, at, on<br>3. except, but, other than<br>4. more",より,Jamdict
もちろん,"1. of course, certainly, naturally",もちろん,Jamdict
教科書,"1. textbook, coursebook, schoolbook",きょうかしょ,Jamdict
年,"1. year<br>2. age, years<br>3. past one's prime, old age",とし,Jamdict
んと,"1. a great deal, very much, a lot<br>2. with a great amount of effort",うんと,Jamdict
空耳,1. mishearing<br>2. (feigned) deafness<br>3. homophonic translation of song lyrics for comic effect,そらみみ,Jamdict
相談,"1. consultation, discussion, discussing, asking (somebody) for advice",そうだん,Jamdict
都市,"1. town, city, municipal, urban",とし,Jamdict
ミュージシャン,1. musician,ミュージシャン,Jamdict
歴史,1. history,れきし,Jamdict
バラバラ,"1. scattered, disperse, loose, disconnected, in pieces, in drops, rustling",バラバラ,Jamdict
あみだくじ,"1. ghostleg lottery, ladder lottery, lottery in which participants trace a line across a lattice pattern to determine the winner",あみだくじ,Jisho
タイプ,"1. type, kind, sort, style<br>2. type (of person), (ideal) type, one's type<br>3. typewriter<br>4. typing",タイプ,Jamdict
部長,"1. head (chief, director) of a section or department<br>2. head of a (school) club, head of a (school) team",ぶちょう,Jamdict
さあ,"1. come, come now, come along, go on, hurry up<br>2. well, who knows, I don't know..., uh, hmm<br>3. well now, let's see, there we go, all right<br>4. about that, you see",さあ,Jamdict
全て,"1. everything, all, the whole<br>2. entirely, completely, wholly, all",すべて,Jamdict
ティーカップ,1. teacup,ティーカップ,Jamdict
さい,"1. edge, brink, verge, side<br>2. time, moment of",きわ,Jamdict
部屋,"1. room, chamber<br>2. apartment, flat, pad<br>3. stable",へや,Jamdict
お邪魔,"1. hindrance, intrusion",おじゃま,Jamdict
当たり前,"1. natural, reasonable, obvious<br>2. usual, common, ordinary, commonplace, the norm",あたりまえ,Jamdict
スッポン,"1. Chinese soft-shelled turtle (Pelodiscus sinensis), soft-shelled turtle (Trionychidae)<br>2. trap door located on the walkway in a kabuki theatre<br>3. bilge pump (used on traditional Japanese ships)",すっぽん,Jamdict
隠す,"1. to hide, to conceal",かくす,Jamdict
いらっしゃる,"1. to come, to go, to be (somewhere)<br>2. to be (doing)",いらっしゃる,Jamdict
泊,"1. counter for nights of a stay<br>2. overnight stay, lodging",はく,Jamdict
減る,"1. to decrease (in size or number), to diminish, to abate",へる,Jamdict
市,"1. market, fair",いち,Jamdict
内,"1. inside, within<br>2. while (e.g. one is young), during, within (e.g. a day), in the course of<br>3. among, amongst, (out) of, between<br>4. in (secret, chaos, poverty, etc.), amidst, with (e.g. success)<br>5. within oneself, one's feelings, inner thoughts<br>6. we, our company, our organization<br>7. one's home, one's family<br>8. my spouse, my husband, my wife<br>9. signed on behalf of (husband's name) by his wife<br>10. I, me<br>11. imperial palace grounds<br>12. emperor",うち,Jamdict
よろしい,"1. good, OK, all right, fine, very well, will do, may, can",よろしい,Jamdict
願う,"1. to desire, to wish, to hope<br>2. to beg, to request, to implore, to pray<br>3. to have something done for oneself",ねがう,Jamdict
宇宙,"1. universe, cosmos, space",うちゅう,Jamdict
交信,"1. telecommunications, correspondence",こうしん,Jamdict
土産,"1. local specialty or souvenir bought as a gift while travelling<br>2. present brought by a visitor<br>3. something unpleasant that one is given (e.g. an illness while on vacation), unwelcome gift, disservice",みやげ,Jamdict
任せる,"1. to entrust (e.g. a task) to another, to leave to<br>2. to passively leave to someone else's facilities<br>3. to leave to take its natural course<br>4. to continue (something) in a natural fashion (without particular aim)<br>5. to rely fully on one's (full strength, great ability, long time taken) to get something done",まかせる,Jamdict
予定,"1. plans, arrangement, schedule, program, programme, expectation, estimate",よてい,Jamdict
入れる,"1. to put in, to let in, to take in, to bring in, to insert, to install (e.g. software), to set (a jewel, etc.), to ink in (e.g. tattoo)<br>2. to admit, to accept, to employ, to hire<br>3. to accept, to comply, to grant, to adopt (a policy, etc.), to take (advice, etc.), to listen to, to pay attention to<br>4. to include<br>5. to pay (one's rent, etc.)<br>6. to cast (a vote)<br>7. to make (tea, coffee, etc.)<br>8. to turn on (a switch, etc.)<br>9. to send (a fax), to call",いれる,Jamdict
高い,"1. high, tall<br>2. expensive, high-priced<br>3. high (level), above average (in degree, quality, etc.)<br>4. loud<br>5. high-pitched, shrill",たかい,Jamdict
リクエスト,1. request,リクエスト,Jamdict
頼む,"1. to request, to beg, to ask<br>2. to call, to order, to reserve<br>3. to entrust to<br>4. to rely on<br>5. please, please do",たのむ,Jamdict
じゃう,"1. to do completely<br>2. to do accidentally, to do without meaning to, to happen to do",ちゃう,Jamdict
なくなる,1. to die,なくなる,Jamdict
つまる,"1. to be packed (with), to be full (space, schedule, etc.)<br>2. to be blocked (road, pipe, nose, etc.), to be clogged, to be plugged up<br>3. to shorten (width, interval, etc.), to shrink (shirt, word form, etc.), to narrow<br>4. to be at a loss, to be hard pressed<br>5. to end up, to be settled<br>6. to become a geminate consonant<br>7. to hit the ball near the handle of the bat",つまる,Jamdict
おく,"1. inner part, inside, interior, depths (e.g. of a forest), back (of a house, drawer, etc.), bottom (e.g. of one's heart), recesses, heart",おく,Jamdict
感謝,"1. thanks, gratitude",かんしゃ,Jamdict
なり,"1. form, shape, figure<br>2. visage",かたち,Jamdict
劇,"1. drama, play<br>2. powerful drug",げき,Jamdict
ムスタング,1. mustang,ムスタング,Jamdict
しまう,"1. to finish, to stop, to end, to put an end to, to bring to a close<br>2. to close (a business, etc.), to close down, to shut down, to shut up<br>3. to put away, to put back, to keep, to store<br>4. to do completely, to finish<br>5. to do accidentally, to do without meaning to, to happen to do",しまう,Jamdict
後輩,"1. junior (at work, school, etc.), younger people, younger student",こうはい,Jamdict
めちゃくちゃ,"1. absurd, unreasonable, nonsensical, preposterous, incoherent<br>2. extreme, senseless, reckless, wanton<br>3. disorderly, chaotic, confused, messy<br>4. incredibly, really, so, super",めちゃくちゃ,Jamdict
ドーン,"1. bang, whump, boom",ドーン,Jamdict
たった,"1. ordinary, common, usual<br>2. free of charge<br>3. unaffected, as is, safe<br>4. only, merely, just, simply<br>5. but, however, nevertheless",ただ,Jamdict
楽しむ,1. to enjoy (oneself),たのしむ,Jamdict
んな,"1. such, that sort of, that kind of, like that<br>2. no way!, never!",そんな,Jamdict
ワールドワイド,1. worldwide,ワールドワイド,Jamdict
こりゃ,"1. this, this one<br>2. this person<br>3. now, this point (in time)<br>4. here<br>5. used to stress the subject of a sentence<br>6. I, me",これ,Jamdict
制服,1. uniform,せいふく,Jamdict
てく,1. to continue,てく,Jamdict
英会話,1. English conversation<br>2. school for English conversation,えいかいわ,Jamdict
変圧器,1. (power) transformer,へんあつき,Jamdict
安心,"1. relief, peace of mind",あんしん,Jamdict
っす,"1. be, is",です,Jamdict
記念,"1. commemoration, celebration, honoring the memory of something, turning something into a memento, memory",きねん,Jamdict
ううん,"1. um, er, well<br>2. nuh-uh, no<br>3. oof",ううん,Jamdict
揃う,"1. to be complete, to be all present, to make a full set, to be satisfied (of conditions)<br>2. to be equal, to be uniform, to be even, to match, to agree<br>3. to gather, to assemble, to be collected",そろう,Jamdict
偶然,"1. coincidence, chance, accident, fortuity<br>2. by chance, unexpectedly, accidentally<br>3. contingency (philosophy)",ぐうぜん,Jamdict
会う,"1. to meet, to encounter, to see<br>2. to have an accident, to have a bad experience",あう,Jamdict
駅,"1. railway station, train station<br>2. staging post on a highway (in pre-modern Japan)<br>3. counter for railway stations and bus stations",えき,Jamdict
忘れ物,"1. lost article, something forgotten",わすれもの,Jamdict
歩く,1. to walk,あるく,Jamdict
足,"1. foot, paw, arm (of an octopus, squid, etc.)<br>2. leg<br>3. gait<br>4. pace<br>5. bottom structural component (i.e. radical) of a kanji<br>6. means of transportation<br>7. money, coin",あし,Jamdict
ムーン,1. moon,ムーン,Jamdict
ウォーク,1. walk,ウォーク,Jamdict
はあ,"1. yes, indeed, well<br>2. ha!<br>3. what?, huh?<br>4. sigh",はあ,Jamdict
機内食,1. in-flight meal,きないしょく,Jamdict
調べる,"1. to examine, to look up, to investigate, to check up, to sense, to study, to inquire, to search",しらべる,Jamdict
降りる,"1. to descend (e.g. a mountain), to go down, to come down<br>2. to alight (e.g. from bus), to get off, to disembark, to dismount<br>3. to step down, to retire, to give up, to quit, to fold<br>4. to be granted, to be issued, to be given<br>5. to form (of frost, dew, mist, etc.)<br>6. to be passed (from the body; e.g. of a roundworm)",おりる,Jamdict
ロンド,1. rondo,ロンド,Jamdict
逆回り,1. Reverse rotation (Auto-translated),逆回り,GTranslate
ムービング,1. moving,ムービング,Jisho
おお,"1. large, big, great, major, important, serious, heavy, loud<br>2. older, senior<br>3. final, ultimate<br>4. rough, broad, general",おお,Jamdict
アズキャット,1. Azcat (Auto-translated),アズキャット,GTranslate
ジャパニーズ,"1. Japanese (people, language, style)",ジャパニーズ,Jamdict
オア,1. or<br>2. OR (boolean operator),オア,Jamdict
エクセレント,1. excellent,エクセレント,Jamdict
もしくは,"1. or, otherwise",もしくは,Jamdict
起きる,"1. to get up, to rise, to blaze up (fire)<br>2. to wake up, to be awake, to stay awake<br>3. to occur (usu. of unfavourable incidents), to happen, to take place",おきる,Jamdict
飛ぶ,"1. to fly, to soar<br>2. to jump, to leap, to spring, to bound, to hop<br>3. to spatter, to scatter, to splash, to fly (e.g. of sparks)<br>4. to hurry, to rush<br>5. to flee, to run off, to escape<br>6. to disappear, to vanish, to fade, to thin out<br>7. to break off, to come off, to fall off, to blow (of a fuse)<br>8. to be sent out (of an order), to fly (of false rumours, catcalls, etc.)<br>9. to come flying (of a punch, kick, etc.)<br>10. to be missing (of a page, stitch, etc.), to skip, to jump (e.g. of a conversation)",とぶ,Jamdict
目的,"1. purpose, goal, aim, objective, intention",もくてき,Jamdict
サイトシーイング,1. sightseeing,サイトシーイング,Jamdict
イズ,1. Maesa japonica (species of flowering plant),いずせんりょう,Jisho
下,"1. below, down, under, younger (e.g. daughter)<br>2. bottom<br>3. beneath, underneath<br>4. just after, right after<br>5. inferiority, one's inferior (i.e. one's junior)<br>6. trade-in<br>7. preliminary, preparatory",した,Jamdict
助かる,"1. to be saved, to be rescued, to survive<br>2. to escape harm, to be spared damage<br>3. to be helped, to be saved trouble",たすかる,Jamdict
平気,"1. coolness, calmness, composure, unconcern<br>2. all right, fine, OK, okay",へいき,Jamdict
イ,"1. 1st in a sequence denoted by the iroha system, 1st note in the diatonic scale (used in key names, etc.)",イ,Jamdict
えっと,"1. let me see, well, errr ..., uhh ...",えっと,Jamdict
結構,"1. splendid, nice, wonderful, delicious, sweet<br>2. sufficient, fine (in the sense of ""I'm fine""), (by implication) no thank you<br>3. well enough, OK, tolerable<br>4. quite, reasonably, fairly, tolerably<br>5. construction, architecture",けっこう,Jamdict
見れる,"1. to see, to look, to watch, to view, to observe<br>2. to examine, to look over, to assess, to check, to judge<br>3. to look after, to attend to, to take care of, to keep an eye on<br>4. to experience, to meet with (misfortune, success, etc.)<br>5. to try ..., to have a go at ..., to give ... a try<br>6. to see (that) ..., to find (that) ...",みる,Jamdict
残念,"1. deplorable, regrettable, disappointing, vexing, unfortunate",ざんねん,Jamdict
本,"1. origin, source<br>2. base, basis, foundation, root<br>3. cause<br>4. ingredient, material<br>5. (somebody's) side, (somebody's) location<br>6. original cost (or capital, principal, etc.)<br>7. (plant) root, (tree) trunk<br>8. first section of a waka<br>9. counter for blades of grass, tree trunks, etc., and for falcons (in falconry)<br>10. handle (chopsticks, brush, etc.), grip",もと,Jamdict
靴,"1. shoe, shoes, boots, footwear, footgear",くつ,Jamdict
疲れる,"1. to get tired, to tire, to get fatigued, to become exhausted, to grow weary<br>2. to become worn out (of a well-used object)<br>3. to starve",つかれる,Jamdict
空港,1. airport,くうこう,Jamdict
ステージ,1. stage<br>2. performance,ステージ,Jamdict
ヘイ,1. hey,ヘイ,Jamdict
オ,1. toy<br>2. (person or thing treated as a) plaything<br>3. Toy,おもちゃ,Jisho
頑張る,"1. to persevere, to persist, to keep at it, to hang on, to hold out, to do one's best<br>2. to insist that, to stick to (one's opinion)<br>3. to remain in a place, to stick to one's post, to refuse to budge",がんばる,Jamdict
必要,"1. necessary, needed, essential, indispensable<br>2. necessity, need, requirement",ひつよう,Jamdict
気分,"1. feeling, mood",きぶん,Jamdict
半音,"1. semitone, half-tone",はんおん,Jamdict
スリー,1. three<br>2. 3 turn,スリー,Jamdict
フォー,"1. four<br>2. pho, Vietnamese noodle soup",フォー,Jamdict
名前,"1. name<br>2. given name, first name",なまえ,Jamdict
友達,"1. friend, companion",ともだち,Jamdict
勇気,"1. courage, bravery, valour, valor, nerve, boldness",ゆうき,Jamdict
とりあえず,"1. first of all, at once, right away<br>2. for now, for the time being",とりあえず,Jamdict
一回,"1. once, one time, one round, one game, one bout, one heat, one inning",いっかい,Jamdict
世界,"1. the world, society, the universe<br>2. sphere, circle, world<br>3. world-renowned, world-famous<br>4. realm governed by one Buddha, space",せかい,Jamdict
勘違い,"1. misunderstanding, mistaken idea, wrong guess",かんちがい,Jamdict
嬉しい,"1. happy, glad, pleased, delighted, overjoyed<br>2. joyful, delightful, gratifying, pleasant",うれしい,Jamdict
準備,"1. preparation, arrangements, getting ready, provision, setup, reserving",じゅんび,Jamdict
怖い,"1. scary, frightening, eerie, dreadful",こわい,Jamdict
もっと,"1. (some) more, even more, longer, further",もっと,Jamdict
声,"1. voice<br>2. singing (of a bird), chirping (of an insect), hoot<br>3. voice, opinion (as expressed in words), view, wish, attitude, will<br>4. sound<br>5. sense (of something's arrival), feeling<br>6. voice, voiced sound",こえ,Jamdict
表紙,"1. cover (of a book, magazine, etc.), binding<br>2. appearing on the cover of a magazine",ひょうし,Jamdict
頃,"1. (approximate) time, around, about, toward<br>2. suitable time (or condition)<br>3. time of year, season",ころ,Jamdict
運命,"1. fate, destiny, lot",うんめい,Jamdict
出逢える,"1. to meet (by chance), to come across, to run across, to encounter, to happen upon<br>2. to meet (e.g. of rivers, highways, etc.)<br>3. to emerge and engage (an enemy)",であう,Jamdict
あっち,"1. beyond, across, the other side, the distance",かなた,Jamdict
コンセプト,"1. concept, general idea, notion<br>2. intention, aim, design, philosophy, plan, plot, theme",コンセプト,Jamdict
浮かぶ,"1. to float, to be suspended<br>2. to rise to the surface, to appear, to emerge, to show up, to loom (up)<br>3. to come to mind, to have inspiration",うかぶ,Jamdict
大きい,"1. big, large, great<br>2. loud<br>3. extensive, spacious<br>4. important, decisive, valuable<br>5. older, grown up",おおきい,Jamdict
無敵,"1. invincible, unrivaled, unrivalled, matchless, unbeatable, undefeatable",むてき,Jamdict
心配,"1. worry, concern, anxiety, uneasiness, fear<br>2. care, help, aid, assistance",しんぱい,Jamdict
詳しい,"1. detailed, full, minute<br>2. knowing very well, knowledgeable (about), well-acquainted (with), well-informed (about), familiar (with)",くわしい,Jamdict
ス,"1. muscle, tendon, sinew<br>2. vein, artery<br>3. fiber, fibre, string",すじ,Jisho
切れる,"1. to break, to snap, to be cut, to split, to crack<br>2. to be injured<br>3. to wear out, to be worn out<br>4. to break, to burst, to collapse<br>5. to wear off, to stop working, to go dead<br>6. to expire (time limit, etc.), to run out, to become due<br>7. to run out (of stock, etc.), to be exhausted, to be used up, to be sold out, to be out of<br>8. to be broken off (e.g. of a relationship), to break up, to have severed ties, to be cut off, to be disconnected<br>9. to cut well, to be sharp<br>10. to be sharp-minded, to be keen, to be shrewd, to be quick-witted, to be able<br>11. to be short of, to drop under (a certain figure), to beat (e.g. a record time)<br>12. to dry off<br>13. to curve, to veer<br>14. to shuffle (cards)<br>15. to get angry, to snap, to blow one's top, to lose one's temper, to flip<br>16. to be able to do completely",きれる,Jamdict
用,"1. business, task, errand, engagement<br>2. use, purpose<br>3. for the use of ..., used for ..., made for ...<br>4. call of nature, excretion",よう,Jamdict
怒る,"1. to get angry, to get mad<br>2. to tell someone off, to scold<br>3. to be angular, to be square",おこる,Jamdict
全然,"1. (not) at all, (not) in the slightest<br>2. wholly, entirely, completely, totally<br>3. extremely, very",ぜんぜん,Jamdict
思いつく,"1. to think of, to hit upon, to come into one's mind, to be struck with an idea<br>2. to remember, to recall",おもいつく,Jamdict
街,"1. ... street, ... quarter, ... district",がい,Jamdict
向ける,"1. to turn towards, to point",むける,Jamdict
出す,"1. to take out, to get out<br>2. to put out, to reveal, to show<br>3. to submit (e.g. thesis), to turn in<br>4. to publish, to make public<br>5. to send (e.g. letter)<br>6. to produce (a sound), to start (fire)<br>7. to serve (food)<br>8. ... out (e.g. to jump out, to carry out)<br>9. to begin ..., to start to ..., to burst into ...",だす,Jamdict
ほら,"1. look!, look out!, hey!, look at me!, there you are!",ほら,Jamdict
送信,"1. transmission, sending",そうしん,Jamdict
間に合う,"1. to be in time (for)<br>2. to serve (suit, meet) the purpose, to be good enough, to be enough, to manage, to make do",まにあう,Jamdict
何時,"1. when, at what time, how soon<br>2. normal times, ordinary days",いつ,Jamdict
着く,"1. to arrive at, to reach<br>2. to sit on, to sit at (e.g. the table)",つく,Jamdict
とても,"1. very, awfully, exceedingly<br>2. (not) at all, by no means, simply (cannot)",とても,Jamdict
バッチリ,"1. perfectly, right on the mark, spot on, bang on<br>2. enough, sufficiently, thoroughly, completely",バッチリ,Jamdict
何度,"1. how many times<br>2. how many degrees (temperature, angle, etc.)",なんど,Jamdict
大人,"1. adult, grown-up",おとな,Jamdict
スタンバイ,"1. standby, preparation, arrangement",スタンバイ,Jamdict
炭水化物,1. carbohydrate,たんすいかぶつ,Jamdict
どない,"1. what kind of, what sort of, what<br>2. how, in what way",どない,Jamdict
ねん,"1. sense, idea, thought, feeling<br>2. desire, concern<br>3. attention, care",ねん,Jamdict
スカイハイ,1. Sky High,スカイハイ,Jisho
分,"1. minute (unit of time)<br>2. fun (one tenth of a monme, 5.787 grains)",ふん,Jamdict
おう,"1. large, big, great, major, important, serious, heavy, loud<br>2. older, senior<br>3. final, ultimate<br>4. rough, broad, general",おお,Jamdict
思い出,"1. memories, recollections, reminiscence",おもいで,Jamdict
比べる,"1. to compare, to make a comparison<br>2. to compete, to vie",くらべる,Jamdict
守る,"1. to protect, to guard, to defend<br>2. to keep (i.e. a promise), to abide (by the rules), to observe, to obey, to follow",まもる,Jamdict
工事,1. construction work,こうじ,Jamdict
輝く,"1. to shine, to glitter, to sparkle",かがやく,Jamdict
笑う,"1. to laugh<br>2. to smile<br>3. to sneer, to ridicule<br>4. to be dumbfounded, to be flabbergasted",わらう,Jamdict
完成,"1. complete, completion<br>2. perfection, accomplishment",かんせい,Jamdict
宝物,"1. treasure, treasured item, prized possession",たからもの,Jamdict
そっ,"1. appearing that, seeming that, looking like, having the appearance of",そう,Jamdict
急ぐ,"1. to hurry, to rush, to hasten, to make something happen sooner",いそぐ,Jamdict
緊張,"1. tension, mental strain, nervousness",きんちょう,Jamdict
翼,"1. wing<br>2. Chinese ""Wings"" constellation (one of the 28 mansions)<br>3. counter for birds or bird wings",つばさ,Jamdict
毎日,1. every day,まいにち,Jamdict
終わり,1. the end,おわり,Jamdict
ふわ,"1. friction, discord, trouble, dissension, disagreement",ふわ,Jamdict
二人,"1. two persons, two people, pair, couple",ふたり,Jamdict
